id,name,description,condition,threshold,times,streak,session,icon
first-is-last,First Equals Last,Pick a driver who comes first,picked_winner,,1,,race,
zero,Zero Pointer,Get zero points in a week,zero_points,,1,,race,
on-the-box,On the box,Pick a driver who finishes on the podium,picked_podium,,1,,race,
early-exit,Early exit,Pick a driver who does not finish,picked_dnf,,1,,race,
max-points,Maximum points,Score 18 points in a week,points_at_least,18,1,,race,
three-peat,Three Peat,Score points 3 weeks in a row,points_at_least,1,3,yes,race,
five-peat,Five Peat,Score points 5 weeks in a row,points_at_least,1,5,yes,race,
hundred,100 Point Club,Score 100 points in a season,total_points_at_least,100,,,race,
250-points,250+ Points,Score 250+ points in a season,total_points_at_least,250,,,race,
anti-picks,Anti Pickems,Score 0 points 3 weeks in a row,zero_points,,3,yes,race,
retire,Consider Retirement?,Score 0 points in 60% of the races,zero_points,,13,,race,
