season,round,player,driver,session
2026,1,Alex,Leclerc,race
2026,1,Conor,Antonelli,race
2026,1,Harry,Hadjar,race
2026,1,Joe,Hamilton,race
2026,1,Lawrence,Russell,race
2026,2,Alex,Hamilton,race
2026,2,Conor,Verstappen,race
2026,2,Harry,Leclerc,race
2026,2,Joe,Antonelli,race
2026,2,Lawrence,Norris,race
2026,3,Alex,Norris,race
2026,3,Conor,Antonelli,race
2026,3,Harry,Leclerc,race
2026,3,Joe,Russell,race
2026,3,Lawrence,Hamilton,race
2026,4,Alex,Russell,race
2026,4,Conor,Leclerc,race
2026,4,Harry,Hamilton,race
2026,4,Joe,Norris,race
2026,4,Lawrence,Piastri,race
2026,5,Alex,Russell,race
2026,5,Conor,Norris,race
2026,5,Harry,Hamilton,race
2026,5,Joe,Antonelli,race
2026,5,Lawrence,Piastri,race
2026,6,Alex,Russell,race
2026,6,Conor,Hamilton,race
2026,6,Harry,Norris,race
2026,6,Joe,Verstappen,race
2026,6,Lawrence,Leclerc,race
2026,7,Alex,Verstappen,race
2026,7,Conor,Norris,race
2026,7,Harry,Hamilton,race
2026,7,Joe,Russell,race
2026,7,Lawrence,Leclerc,race
2026,8,Alex,Verstappen,race
2026,8,Conor,Hamilton,race
2026,8,Harry,Russell,race
2026,8,Joe,Antonelli,race
2026,8,Lawrence,Norris,race
2026,9,Alex,Russell,race
2026,9,Conor,Hamilton,race
2026,9,Harry,Norris,race
2026,9,Joe,Antonelli,race
2026,9,Lawrence,Verstappen,race
2026,10,Alex,Russell,race
2026,10,Conor,Antonelli,race
2026,10,Harry,Leclerc,race
2026,10,Joe,Verstappen,race
2026,10,Lawrence,Hamilton,race
2026,11,Alex,Hamilton,race
2026,11,Conor,Piastri,race
2026,11,Harry,Verstappen,race
2026,11,Joe,Russell,race
2026,11,Lawrence,Leclerc,race
2026,12,Alex,Norris,race
2026,12,Conor,Verstappen,race
2026,12,Harry,Piastri,race
2026,12,Joe,Hamilton,race
2026,12,Lawrence,Leclerc,race
2026,13,Alex,Antonelli,race
2026,13,Conor,Norris,race
2026,13,Harry,Hamilton,race
2026,13,Joe,Leclerc,race
2026,13,Lawrence,Russell,race
2026,14,Alex,Leclerc,race
2026,14,Conor,Russell,race
2026,14,Harry,Norris,race
2026,14,Joe,Verstappen,race
2026,14,Lawrence,Hamilton,race
2026,15,Alex,Leclerc,race
2026,15,Conor,Norris,race
2026,15,Harry,Russell,race
2026,15,Joe,Antonelli,race
2026,15,Lawrence,Verstappen,race
2026,16,Alex,Russell,race
2026,16,Conor,Verstappen,race
2026,16,Harry,Norris,race
2026,16,Joe,Leclerc,race
2026,16,Lawrence,Hadjar,race
2026,17,,,race
2026,17,,,race
2026,17,,,race
2026,17,,,race
2026,17,,,race
2026,17,,,race
